-- INSERT para la tabla "usuarios" con 50 nombres en español (nombre de usuario sin espacios, clave igual al nombre)
INSERT INTO usuarios (nombre, clave) VALUES
    ('Juan', 'Juan'),
    ('María', 'Maria'),
    ('Ana', 'Ana'),
    ('Carlos', 'Carlos'),
    ('Sofía', 'Sofia'),
    ('Luis', 'Luis'),
    ('Laura', 'Laura'),
    ('Manuel', 'Manuel'),
    ('Isabel', 'Isabel'),
    ('Pedro', 'Pedro'),
    ('Carmen', 'Carmen'),
    ('Javier', 'Javier'),
    ('Elena', 'Elena'),
    ('Antonio', 'Antonio'),
    ('Marta', 'Marta'),
    ('Francisco', 'Francisco'),
    ('Silvia', 'Silvia'),
    ('Rafael', 'Rafael'),
    ('Beatriz', 'Beatriz'),
    ('Miguel', 'Miguel'),
    ('Raquel', 'Raquel'),
    ('Fernando', 'Fernando'),
    ('Inés', 'Ines'),
    ('David', 'David'),
    ('Cristina', 'Cristina'),
    ('Ángel', 'Angel'),
    ('Sara', 'Sara'),
    ('Andrés', 'Andres'),
    ('Lorena', 'Lorena'),
    ('José', 'José'),
    ('Mónica', 'Monica'),
    ('Alejandro', 'Alejandro'),
    ('Natalia', 'Natalia'),
    ('Roberto', 'Roberto'),
    ('Patricia', 'Patricia'),
    ('Ignacio', 'Ignacio'),
    ('Rosa', 'Rosa'),
    ('Diego', 'Diego'),
    ('Esther', 'Esther'),
    ('Daniel', 'Daniel'),
    ('Lucía', 'Lucia'),
    ('Jorge', 'Jorge'),
    ('Victoria', 'Victoria'),
    ('Gonzalo', 'Gonzalo'),
    ('Joaquín', 'Joaquin');

INSERT INTO empleados (usuario_id, nombre, apellido, fechaNacimiento, documento, correo, direccion) VALUES
(1,'Juan','Down','1992-05-20','51827918','juandown@gmail.com','Zavaleta 129'),
(2,'María','Eugenia','1969-01-21','19827847','euugenia@gmail.com','Avenida Caseros 2912'),
(3,'Ana', 'Noduerme','1973-09-12','92827859','jijiji@gmail.com','Los Patos 69'),
(4,'Carlos','Villalba','2000-12-25','12123123','carlitos@gmail.com','Las Vegas 91287'),
(5,'Sofia','Pérez', '2000-12-24','12321321','sofi@outlook.com','Las Venturas 210'),
(6,'Luis','Rodríguez','1999-12-01','91382948','luisillo@gmail.com','Las Plagas 40'),
(7,'Laura','Gonzalez','1993-05-05','39837918','lauraaa@gmail.com','Zavaleta 130'),
(8,'Manuel','López','1998-07-03','28748937','manuellopez@gmail.com','Avenida Caseros 1209'),
(9,'Isabel','Perron','1973-03-24','24191817','isabelll@gmail.com','Avenida Libertad 691'),
(10,'Pedro','Aznar','1960-04-12','31928948','pedroaznar@hotmail.com','Avenida Girán 192'),
(11,'Carmen','Lobizonte','1963-06-01','19847827','carmenlover@outlook.com','Avenida Vieja 291'),
(12,'Javier','López','1979-03-24','24191783','locolopez@outlook.com','Calle Brava 123'),
(13,'Elena','Fuseneco','1973-06-29','29837857','mariaelena@gmail.com','San Cristobal 531'),
(14,'Antonio','Luna','2001-01-02','99888222','antonioluna@gmail.com','Zavaleta 205'),
(15,'Marta','Querida','1968-08-09','29888321','marthamydear@outlook.com','Calle Blanca 1968'),
(16,'Francisco','Suárez','2004-01-01','46938718','marihuana@gmail.com','Calle Verde 123'),
(17,'Silvia','Fernández','2001-05-02','41827857','silvia@outlook.com','Avenida Siempreviva 4291'),
(18,'Rafael','Márquez','1994-06-01','38758938','rafita@gmail.com','Lynch 81821'),
(19,'Beatriz','Bartolomé','1968-12-12','19857819','betyy@gmail.com','Calle Libertador 192'),
(20,'Miguel','Pana','1999-01-24','38837847','panamiguel@outlook.com','Andrés Ferreyra 2189'),
(21,'Raquel','Ogmonik','1980-05-30','12958333','rakkkel@gmail.com','Avenida Perito Moreno 291'),
(22,'Fernando','Monteagudo','1978-03-06','19857829','fermonty@gmail.com','Monteagudo 2918'),
(23,'Inés','Nolavez','1951-04-21','19216851','inessssss@outlook.com','Avenida Graciosa 1487'),
(24,'David','Piernitas','2004-05-13','48583918','eldevidi@gmail.com','Avenida Venezuela 201'),
(25,'Cristina','Aguilera','2000-06-30','48918747','cristinaaguilera@outlook.com','Avenida Esperanza 21'),
(26,'Angel','Di Maria','1986-12-23','29847827','angelitoool@gmail.com','Avenida Chiclana 2918'),
(27,'Sara','Connor','1976-12-04','28918758','saraconnor@gmail.com','Calle Futura 41'),
(28,'Andrés','Valdez','2001-01-01','99888123','andreldez@gmail.com','Calle Maldonado 123'),
(29,'Lorena','Oreja','1986-12-05','84781957','lorenalokita@gmail.com','Avenida Regalada 69'),
(30,'José','Iriarte','1970-05-02','91847820','joseluis@outlook.com','Avenida Emperador 69'),
(31,'Mónica','Mojoncio','1984-09-21','12123999','monica@gmail.com','Calle Agarramela 222'),
(32,'Alejandro','Sambayon','2001-02-02','22333111','alejandro@gmail.com','Calle Inframundo 294'),
(33,'Natalia','Marcos','1945-12-22','22222222','panueloverde@gmail.com','Calle Aborto 123'),
(34,'Roberto','Antonio','1960-01-02','91847111','robertplant@gmail.com','Calle Bobo 2022'),
(35,'Patricia','Fernández','2000-01-30','12849777','patrickalinst@gmail.com','Calle Triste 621'),
(36,'Ignacio','Nuñez','2005-05-12','48918757','ignazi@outlook.com','Avenida Judia 1945'),
(37,'Rosa','Pérez','2001-03-14','41928499','rosaverdemarron@hotmail.com','Calle Zeppelin 1973'),
(38,'Diego','Maradona','1960-12-05','19861986','tequierodiegooo@gmail.com','Calle México 1986'),
(39,'Esther','Chicha','2000-07-29','12999758','chichi@gmail.com','Avenida Caseros 2018'),
(40,'Daniel','Rubinetti','1970-04-24','82822288','rrrrrrubi@outlook.com','Calle Lectura 1234'),
(41,'Lucia','Fernández','2001-09-30','28918578','luciafer@gmail.com','Pocitos 291842'),
(42,'Jorge','Videla','1973-03-24','18240640','dictador123@gmail.com','Avenida Libertador 2142'),
(43,'Victoria','Derrota','1960-06-06','66444333','empate512@gmail.com','Calle Suspendida 1432'),
(44,'Gonzalo','Higuain','1985-05-30','12123877','pipitahiguain@gmail.com','Avenida Brasil 2014'),
(45,'Joaquín','Chicha','2005-01-04','29847817','chichaaa@outlook.com','Zavaleta 204');

INSERT INTO usuarios (nombre, clave) VALUES
    ('Bruno123', 'Bruno123'),
    ('Tomas123', 'Tomas123'),
    ('David123', 'David123'),
	('Nicole123', 'Nicole123'),
    ('Percy123', 'Percy123'),
    ('Sofia123', 'Sofia123'),
	('Lucas123', 'Lucas123'),
    ('Jazmin123', 'Jazmin123');

INSERT INTO gerentes (usuario_id, nombre, apellido, fechaNacimiento, documento, correo, direccion) VALUES
(46,'Bruno','Roca','2005-04-11','46782100','brunoroca@gmail.com','Avenida Fafa 123'),
(47,'Tomas','Almendras','1969-04-30','48195666','tomasalmeja@gmail.com','Avenida Muerte 555'),
(48,'Jarenk', 'Araujo','2001-05-12','42827852','jarenkkk@gmail.com','Los Patos 70'),
(49,'Nicole','Saravia','2000-12-21','12123122','nikinicole@gmail.com','Las Vegas 91285'),
(50,'Percy','Mamani','2004-05-18','51264754','percymamani@gmail.com','Calle Veinte 40'),
(51,'Sofia','Reynaga', '2002-12-23','12321320','sofiareynaga@outlook.com','Las Venturas 200'),
(52,'Lucas','Estrano','1999-12-02','48881910','hipicagon@gmail.com','Avenida Maraca 66'),
(53,'Jazmin','Valenzuela','1996-05-05','84841000','jazz@gmail.com','Zavaleta 9999');
